{"cameraMode":{"drawMode":0,"name":"Shaded","section":"Shading Mode"},"sceneLighting":false,"audioPlay":false,"sceneViewState":{"m_AlwaysRefresh":false,"showFog":true,"showSkybox":false,"showFlares":true,"showImageEffects":true,"showParticleSystems":true,"showVisualEffectGraphs":true,"m_FxEnabled":true},"in2DMode":false,"pivot":{"x":-0.650454044342041,"y":2.794208526611328,"z":11.942543983459473},"rotation":{"x":0.09212028235197067,"y":-0.8666176199913025,"z":0.17415407299995423,"w":0.45847567915916445},"size":2.4529407024383547,"orthographic":false}