{"cameraMode":{"drawMode":0,"name":"Shaded","section":"Shading Mode"},"sceneLighting":true,"audioPlay":false,"sceneViewState":{"m_AlwaysRefresh":false,"showFog":true,"showSkybox":false,"showFlares":true,"showImageEffects":true,"showParticleSystems":true,"showVisualEffectGraphs":true,"m_FxEnabled":true},"in2DMode":false,"pivot":{"x":-12.135682106018067,"y":8.727807998657227,"z":16.687597274780275},"rotation":{"x":0.37361952662467959,"y":-0.5653088092803955,"z":0.31867924332618716,"w":0.6627963781356812},"size":-0.5728172063827515,"orthographic":false}