{"cameraMode":{"drawMode":0,"name":"Shaded","section":"Shading Mode"},"sceneLighting":true,"audioPlay":false,"sceneViewState":{"m_AlwaysRefresh":false,"showFog":true,"showSkybox":true,"showFlares":true,"showImageEffects":true,"showParticleSystems":true,"showVisualEffectGraphs":true,"m_FxEnabled":true},"in2DMode":false,"pivot":{"x":66.30000305175781,"y":16.20420265197754,"z":-22.799999237060548},"rotation":{"x":0.24672169983386994,"y":-0.6593995690345764,"z":0.24393165111541749,"w":0.6669750809669495},"size":21.173433303833009,"orthographic":false}