{"cameraMode":{"drawMode":0,"name":"Shaded","section":"Shading Mode"},"sceneLighting":true,"audioPlay":false,"sceneViewState":{"m_AlwaysRefresh":false,"showFog":true,"showSkybox":true,"showFlares":true,"showImageEffects":true,"showParticleSystems":true,"showVisualEffectGraphs":true,"m_FxEnabled":true},"in2DMode":false,"pivot":{"x":25.298133850097658,"y":31.752687454223634,"z":17.455339431762697},"rotation":{"x":0.16047313809394837,"y":-0.8394770622253418,"z":0.3616877794265747,"w":0.3724842965602875},"size":0.6377595663070679,"orthographic":false}