{"cameraMode":{"drawMode":0,"name":"Shaded","section":"Shading Mode"},"sceneLighting":true,"audioPlay":false,"sceneViewState":{"m_AlwaysRefresh":false,"showFog":true,"showSkybox":true,"showFlares":true,"showImageEffects":true,"showParticleSystems":true,"showVisualEffectGraphs":true,"m_FxEnabled":true},"in2DMode":false,"pivot":{"x":0.13259458541870118,"y":1.5615317821502686,"z":-0.06316518783569336},"rotation":{"x":0.08431251347064972,"y":0.2544838488101959,"z":-0.022262711077928544,"w":0.9631689190864563},"size":2.2632129192352297,"orthographic":false}