{"cameraMode":{"drawMode":0,"name":"Shaded","section":"Shading Mode"},"sceneLighting":true,"audioPlay":false,"sceneViewState":{"m_AlwaysRefresh":false,"showFog":true,"showSkybox":true,"showFlares":true,"showImageEffects":true,"showParticleSystems":true,"showVisualEffectGraphs":true,"m_FxEnabled":true},"in2DMode":false,"pivot":{"x":389.4602966308594,"y":400.80816650390627,"z":66.22601318359375},"rotation":{"x":0.009305938147008419,"y":-0.029683947563171388,"z":0.0002946296299342066,"w":0.9995461702346802},"size":500.0322265625,"orthographic":false}