{"cameraMode":{"drawMode":0,"name":"Shaded","section":"Shading Mode"},"sceneLighting":true,"audioPlay":false,"sceneViewState":{"m_AlwaysRefresh":false,"showFog":true,"showSkybox":true,"showFlares":true,"showImageEffects":true,"showParticleSystems":true,"showVisualEffectGraphs":true,"m_FxEnabled":true},"in2DMode":false,"pivot":{"x":394.354248046875,"y":222.37828063964845,"z":182.68865966796876},"rotation":{"x":0.09607835114002228,"y":-0.04148474335670471,"z":0.0040096137672662739,"w":0.9945127964019775},"size":455.7600402832031,"orthographic":false}