{"cameraMode":{"drawMode":0,"name":"Shaded","section":"Shading Mode"},"sceneLighting":true,"audioPlay":false,"sceneViewState":{"m_AlwaysRefresh":false,"showFog":true,"showSkybox":true,"showFlares":true,"showImageEffects":true,"showParticleSystems":true,"showVisualEffectGraphs":true,"m_FxEnabled":true},"in2DMode":false,"pivot":{"x":1.7102038860321046,"y":-0.6149451732635498,"z":2.43696928024292},"rotation":{"x":0.37361952662467959,"y":-0.5653088092803955,"z":0.31867924332618716,"w":0.6627963781356812},"size":10.596315383911133,"orthographic":false}