{"cameraMode":{"drawMode":0,"name":"Shaded","section":"Shading Mode"},"sceneLighting":true,"audioPlay":false,"sceneViewState":{"m_AlwaysRefresh":false,"showFog":true,"showSkybox":true,"showFlares":true,"showImageEffects":true,"showParticleSystems":true,"showVisualEffectGraphs":true,"m_FxEnabled":true},"in2DMode":false,"pivot":{"x":-3.0288214683532717,"y":1.0397937297821046,"z":-2.263345241546631},"rotation":{"x":0.08575591444969177,"y":-0.8640196919441223,"z":0.15750333666801454,"w":0.47045573592185976},"size":4.733400344848633,"orthographic":false}